val1, val2, val3, difficulty, topic, explanation
Carnivore,Herbivore,Omnivore,basic,science,These terms classify animals according to the food sources they consume.
Root,Stem,Leaf,basic,science,These plant structures support growth and transport materials.
Solid,Liquid,Gas,basic,science,These are the most common states in which matter exists.
Evaporation,Condensation,Precipitation,basic,science,These processes move water through the natural water cycle.
Mammal,Reptile,Amphibian,basic,science,These groups classify vertebrate animals by shared traits.
Mercury,Venus,Earth,basic,science,These planets orbit close to the Sun in our solar system.
Force,Motion,Energy,basic,science,These concepts describe how objects move and interact.
Magnet,Compass,Polarity,basic,science,These terms are related to magnetic fields and direction.
Atom,Element,Compound,basic,science,These concepts describe the building blocks of matter.
Heart,Lungs,Brain,basic,science,These organs perform essential functions in the human body.
Stoichiometry,Titration,Molarity,advanced,science,These concepts are used to measure quantities in chemical reactions.
Entropy,Enthalpy,Gibbs,advanced,science,These quantities help explain energy changes in thermodynamics.
Genotype,Phenotype,Mutation,advanced,science,These terms describe inheritance and biological variation.
Quasar,Pulsar,Nebula,advanced,science,These astronomical objects help scientists study the universe.
Subduction,Orogeny,Rifting,advanced,science,These geological processes shape Earth's crust over time.
Catalyst,Inhibitor,Reactant,advanced,science,These substances influence the rate and outcome of reactions.
Anode,Cathode,Electrolyte,advanced,science,These components are essential in electrochemical cells.
Taxonomy,Phylogeny,Cladistics,advanced,science,These methods are used to classify and study organisms.
Refraction,Diffraction,Interference,advanced,science,These wave behaviors help explain the properties of light.
Axon,Dendrite,Synapse,advanced,science,These structures enable communication within the nervous system.
Addition,Subtraction,Multiplication,basic,mathematics,These arithmetic operations are used in everyday calculations.
Fraction,Decimal,Percentage,basic,mathematics,These formats represent numerical quantities in different ways.
Triangle,Square,Circle,basic,mathematics,These are common geometric shapes.
Mean,Median,Mode,basic,mathematics,These measures describe the center of a data set.
Parallel,Perpendicular,Intersecting,basic,mathematics,These terms describe relationships between lines.
Length,Area,Volume,basic,mathematics,These measurements describe size in one two and three dimensions.
Acute,Right,Obtuse,basic,mathematics,These categories classify angles by their size.
Even,Odd,Prime,basic,mathematics,These are different types of whole numbers.
Vertex,Edge,Face,basic,mathematics,These parts make up three-dimensional solids.
Ratio,Rate,Scale,basic,mathematics,These concepts compare quantities in useful ways.
Calculus,Derivative,Integral,advanced,mathematics,These concepts form the foundation of higher mathematical analysis.
Eigenvalue,Eigenvector,Diagonalization,advanced,mathematics,These ideas are important in linear algebra and transformations.
Permutation,Combination,Probability,advanced,mathematics,These topics are used to analyze counting and uncertainty.
Parabola,Ellipse,Hyperbola,advanced,mathematics,These curves belong to the family of conic sections.
Gradient,Divergence,Curl,advanced,mathematics,These operators are used in vector calculus.
Topology,Manifold,Homeomorphism,advanced,mathematics,These concepts study properties preserved under deformation.
Congruence,Residue,Modulus,advanced,mathematics,These ideas are fundamental in number theory.
Asymptote,Continuity,Limit,advanced,mathematics,These concepts help describe the behavior of functions.
Variance,Skewness,Kurtosis,advanced,mathematics,These measures describe the distribution of data.
Recursion,Induction,Iteration,advanced,mathematics,These methods are used to define and solve problems.
Profit,Revenue,Expense,basic,commerce,These terms are used to measure business performance.
Buyer,Seller,Market,basic,commerce,These participants interact during trade and exchange.
Cash,Credit,Debit,basic,commerce,These methods are commonly used to make payments.
Budget,Saving,Spending,basic,commerce,These activities help people manage their finances.
Demand,Supply,Price,basic,commerce,These forces influence how markets operate.
Equity,Liability,Asset,advanced,commerce,These accounting terms describe financial position and ownership.
Inflation,Deflation,Stagflation,advanced,commerce,These economic conditions affect prices and growth.
Dividend,Bond,Share,advanced,commerce,These instruments are commonly used in investment markets.
Hedging,Arbitrage,Speculation,advanced,commerce,These strategies are used by participants in financial markets.
Monopoly,Oligopoly,Duopoly,advanced,commerce,These structures describe different levels of market competition.
Copper,Silver,Gold,basic,science,These metallic elements have been used by humans for thousands of years.
Lens,Mirror,Prism,basic,science,These optical objects affect the path and behavior of light.
Coral,Kelp,Plankton,basic,science,These organisms are important parts of aquatic ecosystems.
Rock,Soil,Sand,basic,science,These materials are commonly found on Earth's surface.
Heat,Light,Sound,basic,science,These are common forms of energy encountered every day.
Push,Pull,Friction,basic,science,These forces influence the movement of objects.
Battery,Switch,Bulb,basic,science,These components are commonly found in simple electrical circuits.
Artery,Vein,Capillary,basic,science,These blood vessels transport blood throughout the body.
Oak,Pine,Maple,basic,science,These trees are found in forests around the world.
Desert,Forest,Tundra,basic,science,These biomes differ greatly in climate and biodiversity.
Iron,Nickel,Cobalt,basic,science,These metals are known for their magnetic properties.
Comet,Asteroid,Meteor,basic,science,These objects travel through space within our solar system.
Rain,Snow,Hail,basic,science,These forms of precipitation fall from clouds under different conditions.
Skeleton,Muscle,Tendon,basic,science,These structures help support and move the body.
Bee,Butterfly,Dragonfly,basic,science,These insects play important ecological roles.
Granite,Marble,Slate,basic,science,These rocks are commonly used in construction and design.
Volcano,Glacier,Canyon,basic,science,These natural features shape Earth's landscape.
Tooth,Nail,Hair,basic,science,These body structures are made primarily of keratin or minerals.
Isotope,Nuclide,Radioactivity,advanced,science,These concepts are important in nuclear chemistry and physics.
Alkane,Alkene,Alkyne,advanced,science,These hydrocarbon families differ in their bonding structures.
Mitosis,Meiosis,Cytokinesis,advanced,science,These processes are involved in cellular reproduction.
Oxidation,Reduction,Passivation,advanced,science,These chemical processes involve electron transfer and reactions.
Capacitance,Inductance,Impedance,advanced,science,These quantities describe electrical behavior in circuits.
Lithosphere,Asthenosphere,Mesosphere,advanced,science,These layers make up major parts of Earth's interior.
Allele,Chromosome,Epigenetics,advanced,science,These concepts explain genetic inheritance and regulation.
Resonance,Harmonics,Wavefront,advanced,science,These phenomena describe wave behavior and interactions.
Biome,Ecotone,Succession,advanced,science,These ecological concepts describe habitats and environmental change.
Perihelion,Aphelion,Eccentricity,advanced,science,These terms describe planetary orbits around stars.
Hydrolysis,Esterification,Saponification,advanced,science,These reactions are important in organic chemistry.
Cryosphere,Biosphere,Pedosphere,advanced,science,These Earth systems interact to support life and climate.
Protist,Archaea,Eubacteria,advanced,science,These groups represent major branches of microscopic life.
Photolysis,CalvinCycle,Chemiosmosis,advanced,science,These processes contribute to photosynthesis and energy production.
Fission,Fusion,Decay,advanced,science,These nuclear processes release enormous amounts of energy.
Fermentation,Glycolysis,Respiration,advanced,science,These pathways help organisms obtain energy.
Myelin,Ganglion,Neurotransmitter,advanced,science,These structures and chemicals enable nervous communication.
Halogen,NobleGas,Lanthanide,advanced,science,These categories organize elements in the periodic table.
Seismology,Volcanology,Mineralogy,advanced,science,These sciences study Earth's materials and activity.
Abiogenesis,Endosymbiosis,PunctuatedEquilibrium,advanced,science,These theories explain major biological developments.
Cube,Cuboid,Cylinder,basic,mathematics,These are common three-dimensional geometric solids.
Hour,Minute,Second,basic,mathematics,These units are used to measure time.
Numerator,Denominator,Quotient,basic,mathematics,These terms are commonly used when working with fractions and division.
Pattern,Sequence,Series,basic,mathematics,These concepts describe ordered arrangements of numbers or objects.
Radius,Diameter,Chord,basic,mathematics,These measurements are associated with circles.
Tally,Graph,Table,basic,mathematics,These tools help organize and display information.
Digit,PlaceValue,Rounding,basic,mathematics,These concepts are used in number representation.
Bijection,Injection,Surjection,advanced,mathematics,These functions describe relationships between mathematical sets.
Covariance,Correlation,Regression,advanced,mathematics,These tools help analyze relationships within data.
Laplacian,Hessian,Jacobian,advanced,mathematics,These mathematical objects are important in multivariable calculus.
Fourier,Laplace,ZTransform,advanced,mathematics,These transforms are used to analyze signals and systems.
Geodesic,Metric,Curvature,advanced,mathematics,These concepts describe geometric spaces and surfaces.
Boolean,Predicate,Quantifier,advanced,mathematics,These ideas are central to mathematical logic.
Sigma,Pi,Product,advanced,mathematics,These operators help represent repeated calculations compactly.
Markov,Bayes,Poisson,advanced,mathematics,These concepts are widely used in probability theory.
Simplex,Polytope,Lattice,advanced,mathematics,These structures appear in geometry and optimization.
Cardinality,Ordinality,Enumerability,advanced,mathematics,These concepts describe sizes and arrangements of sets.
Monoid,Semiring,Category,advanced,mathematics,These abstract structures appear in advanced algebra.
Fractal,Attractor,Bifurcation,advanced,mathematics,These concepts are used in chaos theory.
Tensor,Spinor,Quaternion,advanced,mathematics,These mathematical objects extend vector concepts.
Hypergraph,Digraph,Tree,advanced,mathematics,These structures are studied in graph theory.
Shop,Store,Outlet,basic,commerce,These businesses sell goods directly to consumers.
Coupon,Discount,Offer,basic,commerce,These methods encourage customers to make purchases.
Tax,Bill,Receipt,basic,commerce,These documents are commonly used during transactions.
Import,Export,Trade,basic,commerce,These activities move goods between markets and countries.
Salary,Wage,Bonus,basic,commerce,These forms of compensation reward workers for their efforts.
Inventory,Warehouse,Shipment,basic,commerce,These terms relate to storing and moving products.
Vendor,Retailer,Wholesaler,basic,commerce,These businesses operate at different stages of distribution.
Cheque,Invoice,Voucher,basic,commerce,These documents assist with payments and accounting.
Brand,Logo,Slogan,basic,commerce,These elements help identify and market businesses.
Startup,Franchise,Partnership,basic,commerce,These are different ways businesses can be organized.
Consumer,Producer,Distributor,basic,commerce,These participants help move products from creation to final purchase.
Broker,Agent,Dealer,basic,commerce,These intermediaries assist buyers and sellers in various markets.
Savings,Deposit,Interest,basic,commerce,These concepts are commonly associated with personal banking.
DemandCurve,SupplyCurve,Equilibrium,basic,commerce,These concepts help explain how markets determine prices.
Packaging,Labeling,Promotion,basic,commerce,These activities help products attract consumers.
Procurement,Sourcing,Purchasing,basic,commerce,These processes help businesses obtain necessary materials.
Budgeting,Forecasting,Planning,basic,commerce,These activities help organizations prepare for future operations.
Consumerism,Advertising,Merchandising,basic,commerce,These concepts influence customer behavior and purchasing decisions.
Cashflow,Turnover,Margin,basic,commerce,These measures help evaluate business performance.
Amortization,Depreciation,Accrual,advanced,commerce,These accounting methods allocate costs and recognize financial activity.
Futures,Options,Swaps,advanced,commerce,These derivatives are used to manage financial risk.
Liquidity,Solvency,Leverage,advanced,commerce,These metrics evaluate the financial health of organizations.
EBITDA,Valuation,Multiples,advanced,commerce,These concepts are commonly used in company analysis.
Keynesianism,Monetarism,Supplyside,advanced,commerce,These economic schools propose different policy approaches.
Cartel,Trust,Conglomerate,advanced,commerce,These business structures influence market competition.
Merger,Acquisition,Divestiture,advanced,commerce,These actions change the ownership structure of companies.
Securitization,Underwriting,Syndication,advanced,commerce,These financial processes support large-scale capital markets.
Derivatives,Commodities,Currencies,advanced,commerce,These assets are actively traded in financial markets.
Benchmarking,Outsourcing,Restructuring,advanced,commerce,These strategies are used to improve organizational performance.
Macroeconomics,Microeconomics,Econometrics,advanced,commerce,These fields study economic systems from different perspectives.
Arbitration,Mediation,Litigation,advanced,commerce,These methods help resolve commercial disputes.
Crowdfunding,AngelInvesting,VentureCapital,advanced,commerce,These funding sources help businesses grow.
Globalization,Liberalization,Privatization,advanced,commerce,These processes have transformed modern economies.
Rhythm,Melody,Harmony,basic,arts,These musical elements combine to create structured pieces of music.
Sketch,Paint,Sculpt,basic,arts,These activities are common forms of artistic expression.
Drama,Dance,Music,basic,arts,These performing arts entertain and communicate ideas.
Pencil,Brush,Canvas,basic,arts,These tools are commonly used in visual art.
Actor,Director,Script,basic,arts,These elements are essential in theatrical and film productions.
Tempo,Beat,Meter,basic,arts,These concepts help organize musical timing.
Color,Shape,Texture,basic,arts,These visual elements form the foundation of artistic design.
Chorus,Verse,Bridge,basic,arts,These sections commonly appear in songs.
Ballet,Opera,Musical,basic,arts,These performance styles combine artistic disciplines.
Portrait,Landscape,Stilllife,basic,arts,These are traditional categories of visual art.
Gallery,Museum,Exhibition,basic,arts,These venues display creative works to audiences.
Clay,Ink,Charcoal,basic,arts,These materials are frequently used by artists.
Camera,Tripod,Aperture,basic,arts,These tools and settings are important in photography.
Costume,Makeup,Prop,basic,arts,These items help performers portray characters effectively.
Counterpoint,Orchestration,Modulation,advanced,arts,These techniques contribute to sophisticated musical composition.
Cubism,Surrealism,Impressionism,advanced,arts,These influential movements transformed visual art.
Sonata,Fugue,Concerto,advanced,arts,These forms have shaped classical music for centuries.
Chiaroscuro,Sfumato,Impasto,advanced,arts,These techniques create distinctive visual effects in artwork.
Polyphony,Homophony,Monophony,advanced,arts,These textures describe different ways music can be organized.
Cinematography,Storyboarding,Colorgrading,advanced,arts,These disciplines contribute to visual storytelling in film.
Dodecaphony,Serialism,Minimalism,advanced,arts,These compositional approaches challenged traditional musical conventions.
Baroque,Rococo,Neoclassicism,advanced,arts,These artistic periods influenced architecture and design.
Diegetic,Nondiegetic,Foley,advanced,arts,These sound concepts are important in filmmaking.
Atonality,Polytonality,Bitonality,advanced,arts,These harmonic approaches expand musical possibilities.
Etching,Lithography,Woodcut,advanced,arts,These printmaking techniques reproduce artistic designs.
Montage,Jumpcut,Crossfade,advanced,arts,These editing techniques shape cinematic storytelling.
Libretto,Aria,Recitative,advanced,arts,These elements are fundamental to opera.
Calligraphy,Typography,Lettering,advanced,arts,These disciplines focus on the visual presentation of text.
Expressionism,Futurism,Dadaism,advanced,arts,These movements challenged traditional artistic expectations.
Football,Cricket,Tennis,basic,sports,These sports are played and followed by millions worldwide.
Sprint,Jump,Throw,basic,sports,These actions form the basis of many athletic events.
Attack,Defend,Pass,basic,sports,These skills are important in team sports.
Serve,Volley,Smash,basic,sports,These techniques are commonly used in racket sports.
Punch,Kick,Block,basic,sports,These actions are fundamental in many martial arts.
Dribble,Shoot,Rebound,basic,sports,These skills are central to basketball.
Bat,Ball,Wicket,basic,sports,These elements are essential in cricket.
Jog,Walk,Run,basic,sports,These movements are common forms of locomotion and exercise.
Referee,Captain,Coach,basic,sports,These roles help organize and guide sporting events.
Helmet,Gloves,Pads,basic,sports,These pieces of equipment help protect athletes.
Relay,Hurdles,Marathon,basic,sports,These are well-known track and field events.
Kayak,Canoe,Rowing,basic,sports,These sports involve moving watercraft through waterways.
Saddle,Stirrup,Bridle,basic,sports,These items are used in equestrian activities.
Putter,Driver,Wedge,basic,sports,These golf clubs are designed for different situations.
Plyometric,Isometric,Isotonic,advanced,sports,These training methods develop strength and athletic performance in different ways.
Aerobic,Anaerobic,Lactate,advanced,sports,These concepts describe how the body produces energy during exercise.
Biomechanics,Kinesiology,Physiology,advanced,sports,These sciences help explain human movement and performance.
Counterattack,Pressing,Possession,advanced,sports,These tactical approaches are widely used in competitive team sports.
Periodization,Deloading,Peaking,advanced,sports,These training strategies help athletes prepare for major competitions.
VO2Max,Threshold,Recovery,advanced,sports,These measurements and processes influence endurance performance.
Kata,Kumite,Bunkai,advanced,sports,These practices are fundamental components of traditional martial arts.
Feint,Parry,Riposte,advanced,sports,These techniques are commonly used in combat sports and fencing.
Hypertrophy,Powerlifting,Calisthenics,advanced,sports,These approaches focus on different aspects of physical development.
Agility,Balance,Coordination,advanced,sports,These abilities contribute to effective movement and control.
Acceleration,Deceleration,Momentum,advanced,sports,These physical principles influence athletic motion.
Tapering,Conditioning,Adaptation,advanced,sports,These processes help athletes improve and maintain performance.
Endurance,Explosiveness,Mobility,advanced,sports,These qualities contribute to success across many sports.
ReactionTime,Anticipation,Awareness,advanced,sports,These mental skills help athletes make effective decisions.
India,China,Japan,basic,nations,These nations are among the most influential countries in Asia.
France,Germany,Italy,basic,nations,These countries have played major roles in European history.
Brazil,Argentina,Chile,basic,nations,These nations are located in South America.
Canada,Mexico,Panama,basic,nations,These countries are found in North and Central America.
Kenya,Egypt,Nigeria,basic,nations,These countries are important political and cultural centers in Africa.
Thailand,Vietnam,Malaysia,basic,nations,These Southeast Asian nations have diverse cultures and economies.
Norway,Sweden,Finland,basic,nations,These Nordic countries are known for high standards of living.
Spain,Portugal,Greece,basic,nations,These nations are located along the southern edge of Europe.
Australia,NewZealand,Fiji,basic,nations,These countries and islands are located in Oceania.
Peru,Colombia,Ecuador,basic,nations,These nations share strong historical and geographical connections.
NATO,ASEAN,BRICS,advanced,nations,These international groups promote cooperation between member states.
Federalism,Unitary,Confederation,advanced,nations,These structures determine how political power is distributed.
Eurasia,Oceania,Scandinavia,advanced,nations,These regions group nations by geography and culture.
Schengen,Eurozone,Benelux,advanced,nations,These European agreements and groups encourage integration.
G20,OPEC,Mercosur,advanced,nations,These organizations influence global economics and trade.
Bicameralism,Parliamentarism,Presidentialism,advanced,nations,These political systems organize government authority differently.
Sovereignty,Diplomacy,Geopolitics,advanced,nations,These concepts shape international relations.
Colonialism,Imperialism,Nationalism,advanced,nations,These forces have influenced the development of nations.
Sanctions,Treaties,Alliances,advanced,nations,These tools affect relationships between countries.
Urbanization,Industrialization,Modernization,advanced,nations,These processes transform societies and economies.
Migration,Citizenship,Naturalization,advanced,nations,These concepts relate to movement and membership within states.
Legislature,Executive,Judiciary,advanced,nations,These branches form the foundation of many governments.
Autocracy,Oligarchy,Theocracy,advanced,nations,These systems concentrate authority in different ways.
Secession,Annexation,Unification,advanced,nations,These events alter national boundaries and identities.
Independence,Republic,Constitution,basic,dates,These concepts are associated with the formation of modern states.
Pharaoh,Pyramid,Papyrus,basic,dates,These terms are strongly associated with ancient Egypt.
Castle,Knight,Kingdom,basic,dates,These features were common during the medieval period.
Colony,Empire,Revolution,basic,dates,These ideas shaped many historical events.
Explorer,Voyage,Discovery,basic,dates,These terms describe journeys that expanded geographical knowledge.
Fortress,Battle,Victory,basic,dates,These elements frequently appear in military history.
Dynasty,Throne,Crown,basic,dates,These symbols are associated with hereditary rule.
Manuscript,Monastery,Scholar,basic,dates,These institutions preserved knowledge through history.
Renaissance,Reformation,Enlightenment,advanced,dates,These intellectual movements transformed European society.
Versailles,Yalta,Potsdam,advanced,dates,These conferences influenced major global events.
Feudalism,Mercantilism,Capitalism,advanced,dates,These systems shaped economic and social development.
Bolshevism,Fascism,Socialism,advanced,dates,These ideologies influenced twentieth-century politics.
Hellenism,Byzantium,Carolingian,advanced,dates,These civilizations and eras left lasting historical impacts.
Suffrage,Abolitionism,Secularization,advanced,dates,These movements sought major social and political change.
Armistice,Occupation,Liberation,advanced,dates,These events commonly occur during and after wars.
Crusades,Inquisition,Reconquista,advanced,dates,These events significantly affected medieval history.
ManifestDestiny,Expansionism,Protectorate,advanced,dates,These ideas influenced territorial growth and foreign policy.
Archaeology,Historiography,Chronology,advanced,dates,These disciplines help study and interpret the past.
Humanism,Romanticism,Realism,advanced,dates,These intellectual and cultural movements influenced society.
Codification,Bureaucracy,Centralization,advanced,dates,These processes strengthened state administration.
Detente,Containment,Perestroika,advanced,dates,These concepts were important during the Cold War.
Guildsman,Blacksmith,Shipwright,advanced,dates,These occupations played key roles in historical economies.
Algebra,Geometry,Arithmetic,basic,mathematics,These major branches form the foundation of school mathematics.
Pentagon,Hexagon,Octagon,basic,mathematics,These polygons are classified by their number of sides.
Kilogram,Centimeter,Milliliter,basic,mathematics,These metric units are commonly used for measurement.
Axis,Origin,Coordinate,basic,mathematics,These concepts are used to locate positions on graphs.
Clockwise,Anticlockwise,Rotation,basic,mathematics,These terms describe circular movement and direction.
Estimate,Approximate,Calculate,basic,mathematics,These methods are used to determine numerical values.
Symmetry,Reflection,Translation,basic,mathematics,These transformations change the position or appearance of shapes.
Horizontal,Vertical,Diagonal,basic,mathematics,These terms describe different orientations of lines.
Perimeter,Circumference,Boundary,basic,mathematics,These measurements describe the outer edge of figures.
Quarter,Half,Whole,basic,mathematics,These fractions represent common portions of a quantity.
Calendar,Schedule,Timetable,basic,mathematics,These tools help organize time and events.
Histogram,Pictogram,Chart,basic,mathematics,These visual displays help represent information.
Rectangle,Rhombus,Trapezium,basic,mathematics,These quadrilaterals have different geometric properties.
Count,Sort,Classify,basic,mathematics,These actions help organize and analyze information.
Polynomial,Binomial,Monomial,advanced,mathematics,These algebraic expressions differ in the number of terms they contain.
Determinant,Cofactor,Adjugate,advanced,mathematics,These concepts are important in matrix operations.
Hypothesis,Axiom,Postulate,advanced,mathematics,These statements serve as foundations for mathematical reasoning.
Algorithm,Heuristic,Optimization,advanced,mathematics,These approaches are used to solve mathematical problems efficiently.
Interpolation,Extrapolation,Approximation,advanced,mathematics,These methods estimate values from available information.
Isomorphism,Automorphism,Homomorphism,advanced,mathematics,These mappings preserve mathematical structure in different ways.
Orthogonality,Projection,Normalization,advanced,mathematics,These concepts frequently appear in vector spaces.
Differentiability,Integrability,Convergence,advanced,mathematics,These properties describe the behavior of functions and sequences.
Commutativity,Associativity,Distributivity,advanced,mathematics,These algebraic properties simplify mathematical operations.
Hyperplane,Subspace,Nullspace,advanced,mathematics,These structures are studied in linear algebra.
Parametric,Cartesian,Polar,advanced,mathematics,These systems can be used to describe positions and curves.
Reciprocity,Periodicity,SymmetryGroup,advanced,mathematics,These ideas appear across many mathematical fields.
Cryptography,Encoding,Decoding,advanced,mathematics,These techniques protect and interpret information.
Triangulation,Tessellation,Packing,advanced,mathematics,These geometric methods organize space efficiently.
Inflection,Extremum,StationaryPoint,advanced,mathematics,These features describe important points on graphs.
Violin,Cello,Bassoon,basic,arts,These instruments produce sound through different methods and ranges.
Watercolor,Pastel,Gouache,basic,arts,These media are commonly used in visual art.
Mime,Puppetry,Storytelling,basic,arts,These performance forms communicate ideas without relying solely on dialogue.
HarmonyLine,Bassline,Hook,basic,arts,These musical components help shape a song.
Mural,Fresco,Portraiture,basic,arts,These artistic forms are commonly found in visual culture.
Notebook,Easel,Palette,basic,arts,These tools assist artists during the creative process.
Silhouette,Outline,Contour,basic,arts,These visual techniques define shapes and forms.
Duet,Trio,Quartet,basic,arts,These ensembles differ by the number of performers involved.
Theater,Cinema,Studio,basic,arts,These spaces are used for artistic creation and presentation.
Costuming,Choreography,Improvisation,basic,arts,These practices contribute to performing arts productions.
Claywork,Pottery,Ceramics,basic,arts,These crafts involve shaping and firing materials.
Storyboard,Screenplay,Dialogue,basic,arts,These elements help develop narratives for film and theatre.
Collage,Mosaic,Assemblage,basic,arts,These techniques combine separate pieces into a unified artwork.
Ballad,Lullaby,Anthem,basic,arts,These musical forms serve different purposes and audiences.
Backdrop,Scenery,Stagecraft,basic,arts,These elements help create the environment of a performance.
AvantGarde,Constructivism,Suprematism,advanced,arts,These movements challenged conventional artistic traditions.
Countermelody,Ostinato,Cadence,advanced,arts,These musical devices shape structure and expression.
MattePainting,Compositing,Rotoscoping,advanced,arts,These techniques are used in visual effects production.
Tenebrism,Pointillism,Divisionism,advanced,arts,These painting styles create unique visual experiences.
Leitmotif,Motif,Theme,advanced,arts,These recurring ideas help unify musical works.
Storyboarder,Animator,Modeler,advanced,arts,These creative roles contribute to visual media production.
Monologue,Soliloquy,Aside,advanced,arts,These dramatic techniques reveal character thoughts and emotions.
Screenwriting,Directing,Producing,advanced,arts,These disciplines contribute to the creation of films.
Woodblock,Engraving,Aquatint,advanced,arts,These printmaking methods transfer images to surfaces.
Countertenor,Baritone,Contralto,advanced,arts,These vocal ranges occupy different positions in music.
Expression,Composition,BalancePoint,advanced,arts,These principles influence the effectiveness of artwork.
Foreshortening,PerspectiveGrid,VanishingLine,advanced,arts,These methods help create depth in visual art.
Syncopation,Hemiola,Rubato,advanced,arts,These rhythmic devices affect musical timing and feel.
ColorTheory,TonalValue,Saturation,advanced,arts,These concepts help artists control visual impact.
Documentary,Screening,Premiere,advanced,arts,These stages are associated with film presentation.
Rugby,Hockey,Baseball,basic,sports,These team sports are played competitively around the world.
Goalkeeper,Defender,Midfielder,basic,sports,These positions perform different roles within many team sports.
Racquet,Shuttlecock,Net,basic,sports,These items are commonly used in racket-based games.
Lane,Track,Finishline,basic,sports,These features are found in many racing competitions.
Whistle,Scoreboard,Trophy,basic,sports,These objects are commonly associated with sporting events.
Bench,Substitute,Lineup,basic,sports,These terms relate to team organization during competition.
Penalty,Foul,Offside,basic,sports,These rules help maintain fairness during games.
Dive,Stroke,Freestyle,basic,sports,These actions and styles are associated with swimming.
Target,Bullseye,Archery,basic,sports,These terms are connected to precision shooting sports.
HelmetCam,Jersey,Armband,basic,sports,These items are often worn or used by athletes.
Backhand,Forehand,Topspin,basic,sports,These techniques are widely used in racket sports.
Checkpoint,Lap,Podium,basic,sports,These features commonly appear in racing competitions.
Ski,Snowboard,Sled,basic,sports,These sports equipment items are used on snow.
Paddle,Oar,Rudder,basic,sports,These tools help control watercraft during competition.
Mat,Ring,Cage,basic,sports,These competition areas are used in combat sports.
Flexibility,Stability,Proprioception,advanced,sports,These physical qualities contribute to movement efficiency and injury prevention.
Mesocycle,Microcycle,Macrocycle,advanced,sports,These training periods help structure athletic development.
Biomechanist,Physiotherapist,Nutritionist,advanced,sports,These specialists support athlete performance and recovery.
Pacing,Drafting,Breakaway,advanced,sports,These tactics are commonly used in endurance sports.
Southpaw,Orthodox,Switchstance,advanced,sports,These stances are used in striking combat sports.
PeriodizedStrength,PowerEndurance,ReactiveStrength,advanced,sports,These training goals target different performance qualities.
LactateThreshold,EconomyFactor,CriticalPower,advanced,sports,These measures help assess endurance capabilities.
KinestheticSense,MotorControl,Neuromuscularity,advanced,sports,These factors influence movement precision and coordination.
Countermovement,TripleExtension,GroundContact,advanced,sports,These concepts are important in explosive athletic actions.
Sparring,Grappling,Clinching,advanced,sports,These activities are common in combat disciplines.
Aerodynamics,Hydrodynamics,Slipstreaming,advanced,sports,These principles affect movement through air and water.
Decathlon,Heptathlon,Pentathlon,advanced,sports,These multi-event competitions test diverse athletic abilities.
SplitTime,NegativeSplit,EvenSplit,advanced,sports,These pacing strategies are used in racing events.
Sportsmanship,Gamesmanship,Rivalry,advanced,sports,These behaviors influence competition and athlete interactions.
Switzerland,Austria,Belgium,basic,nations,These European countries have rich cultural and historical traditions.
Morocco,Algeria,Tunisia,basic,nations,These North African nations share regional connections.
Pakistan,Bangladesh,Nepal,basic,nations,These South Asian countries have close geographical ties.
Iceland,Denmark,Ireland,basic,nations,These nations are known for strong maritime histories.
Bolivia,Paraguay,Uruguay,basic,nations,These South American countries contribute to regional diversity.
Ghana,Uganda,Zambia,basic,nations,These African nations have growing economies and populations.
Cambodia,Laos,Myanmar,basic,nations,These mainland Southeast Asian countries share historical links.
Qatar,Bahrain,Kuwait,basic,nations,These Gulf nations are important energy producers.
Mongolia,Kazakhstan,Uzbekistan,basic,nations,These countries occupy large areas of Central Asia.
Croatia,Serbia,Slovenia,basic,nations,These Balkan nations emerged from significant historical changes.
Commonwealth,Francophonie,Lusophony,advanced,nations,These international communities are connected through language and history.
Balkanization,Decolonization,Globalism,advanced,nations,These processes have reshaped political boundaries and identities.
Referendum,Plebiscite,Ratification,advanced,nations,These mechanisms allow political decisions to gain approval.
Jurisdiction,Legitimacy,Governance,advanced,nations,These concepts influence how authority is exercised.
FederalReserve,CentralBank,Treasury,advanced,nations,These institutions play key roles in economic management.
Bureaucratization,Decentralization,Regionalism,advanced,nations,These trends affect administrative and political organization.
Constitutionalism,Pluralism,Populism,advanced,nations,These political ideas influence governance and public participation.
Extradition,Asylum,Repatriation,advanced,nations,These legal processes involve movement between countries.
Bilateralism,Multilateralism,Nonalignment,advanced,nations,These diplomatic strategies shape foreign relations.
Electorate,Candidacy,Referenda,advanced,nations,These concepts relate to democratic participation.
Patriotism,Cosmopolitanism,RegionalIdentity,advanced,nations,These ideas influence how people identify with communities.
Legislation,Regulation,Ordinance,advanced,nations,These legal instruments guide public behavior.
ProtectorateState,ClientState,BufferState,advanced,nations,These geopolitical arrangements affect international strategy.
Demography,CensusUrbanization,Megacity,advanced,nations,These concepts describe population and settlement patterns.
Monument,Artifact,Relic,basic,dates,These objects help historians understand past civilizations.
Scroll,Chronicle,Archive,basic,dates,These records preserve information from earlier periods.
Nomad,Settler,Farmer,basic,dates,These lifestyles have shaped human societies throughout history.
Harpoon,Chariot,Catapult,basic,dates,These technologies were important in different historical eras.
Marketplace,Bazaar,Port,basic,dates,These centers supported commerce and cultural exchange.
Temple,Shrine,Sanctuary,basic,dates,These sites have served religious and ceremonial purposes.
ExplorerMap,CompassRose,TradeRoute,basic,dates,These tools and networks expanded geographical knowledge.
Banner,Standard,Heraldry,basic,dates,These symbols helped identify groups and rulers.
Siege,Garrison,Fortification,basic,dates,These military concepts influenced historical warfare.
Settlement,Outpost,Frontier,basic,dates,These locations often marked expansion into new territories.
Rationalism,Empiricism,Existentialism,advanced,dates,These philosophical movements shaped intellectual history.
Anarchism,Collectivism,Liberalism,advanced,dates,These political ideologies influenced governments and societies.
ProtectorateMandate,SphereInfluence,ColonialCharter,advanced,dates,These arrangements affected imperial expansion.
IndustrialCapital,MerchantGuild,FeudalEstate,advanced,dates,These economic structures characterized different periods.
HumanRights,CivilRights,LaborRights,advanced,dates,These movements sought greater equality and protections.
Cartography,Paleography,Numismatics,advanced,dates,These fields help historians study evidence from the past.
DynasticSuccession,SuccessionCrisis,RegencyCouncil,advanced,dates,These events often affected royal governments.
ExpansionCampaign,BorderDispute,TerritorialClaim,advanced,dates,These conflicts frequently altered political maps.
Codex,Inscription,Manuscripture,advanced,dates,These historical sources preserve valuable information.
ReconstructionEra,GoldenAge,InterwarPeriod,advanced,dates,These historical periods are used to organize major events.
Badminton,Volleyball,Handball,basic,sports,These sports require teamwork coordination and fast decision making.
Umpire,Linesman,Timekeeper,basic,sports,These officials help enforce rules and manage competitions.
Cleats,Shinpad,Mouthguard,basic,sports,These pieces of equipment help improve safety during play.
RelayBaton,Hurdle,Javelin,basic,sports,These items are associated with track and field events.
Crossbar,Goalpost,Touchline,basic,sports,These features define important areas of playing fields.
Warmup,Cooldown,Stretching,basic,sports,These activities prepare the body for exercise and recovery.
Tournament,Playoff,Championship,basic,sports,These stages determine successful competitors.
PenaltyKick,FreeKick,CornerKick,basic,sports,These set pieces are important in football matches.
Doubles,Singles,MixedPair,basic,sports,These competition formats involve different numbers of players.
SprintStart,FinishTape,StartingBlock,basic,sports,These features are commonly seen in sprint races.
Halfcourt,Backboard,PaintArea,basic,sports,These areas are important in basketball.
SpinServe,DropShot,Lob,basic,sports,These techniques are used strategically in racket sports.
AnchorLeg,ExchangeZone,FalseStart,basic,sports,These terms are associated with relay races.
Coxswain,StrokeSeat,BowSeat,basic,sports,These positions are important in rowing crews.
PeriodizedRecovery,LoadManagement,FatigueMonitoring,advanced,sports,These methods help athletes avoid burnout and maintain performance.
ForceVelocity,StretchReflex,RateCoding,advanced,sports,These physiological concepts influence power production.
EnergySystem,SubstrateUsage,OxidativeCapacity,advanced,sports,These factors affect endurance and exercise performance.
MotorLearning,SkillAcquisition,RetentionRate,advanced,sports,These processes influence athletic improvement over time.
TechnicalMastery,TacticalAwareness,CompetitiveComposure,advanced,sports,These qualities contribute to elite performance.
BloodLactate,GlycolyticRate,BufferCapacity,advanced,sports,These measurements relate to intense exercise.
TalentIdentification,PlayerDevelopment,PerformancePathway,advanced,sports,These systems help athletes progress through competition levels.
NeuromuscularDrive,MuscleRecruitment,FiringFrequency,advanced,sports,These mechanisms influence strength and speed.
SportSpecificity,TransferEffect,MovementPattern,advanced,sports,These principles guide effective training design.
PsychologicalReadiness,FocusControl,ConfidenceState,advanced,sports,These mental factors influence performance outcomes.
BiomechanicalEfficiency,StrideLength,CadenceRate,advanced,sports,These variables affect running performance.
OpponentAnalysis,MatchPreparation,StrategicAdjustment,advanced,sports,These activities improve competitive effectiveness.
ForceProduction,PowerOutput,VelocityProfile,advanced,sports,These metrics evaluate athletic capability.
CompetitiveStress,ArousalLevel,MentalRecovery,advanced,sports,These psychological factors affect consistency and wellbeing.
RecoveryModality,SleepQuality,NutrientTiming,advanced,sports,These practices support adaptation and performance.
Philippines,Indonesia,Singapore,basic,nations,These Southeast Asian nations play important roles in regional development.
Estonia,Latvia,Lithuania,basic,nations,These Baltic states share historical and geographic connections.
Ethiopia,Rwanda,Botswana,basic,nations,These African countries have unique histories and cultures.
Jordan,Lebanon,Oman,basic,nations,These Middle Eastern nations occupy strategic locations.
Venezuela,Guyana,Suriname,basic,nations,These countries are located in northern South America.
Luxembourg,Andorra,Monaco,basic,nations,These European states are among the continent's smallest nations.
Afghanistan,Tajikistan,Kyrgyzstan,basic,nations,These countries are linked by Central Asian geography.
Madagascar,Mauritius,Seychelles,basic,nations,These island nations are located in the Indian Ocean.
Belarus,Moldova,Georgia,basic,nations,These nations occupy important positions in Eastern Europe.
Cameroon,Senegal,Angola,basic,nations,These African countries contribute to regional economic growth.
Intergovernmentalism,Supranationalism,RegionalIntegration,advanced,nations,These approaches influence cooperation between states.
CivilService,PublicPolicy,AdministrativeLaw,advanced,nations,These systems help governments function effectively.
ElectoralCollege,ProportionalRepresentation,Majoritarianism,advanced,nations,These methods determine political representation.
Geostrategy,PowerProjection,SecurityDoctrine,advanced,nations,These concepts influence national defense planning.
EconomicUnion,CustomsUnion,FreeTradeArea,advanced,nations,These agreements reduce barriers between participating economies.
ParliamentaryCoalition,MinorityGovernment,CabinetSystem,advanced,nations,These arrangements shape executive leadership.
ConstitutionalCourt,JudicialReview,RuleOfLaw,advanced,nations,These institutions protect legal systems and rights.
InternationalNorms,Statecraft,DiplomaticProtocol,advanced,nations,These practices guide interactions between countries.
PoliticalFaction,InterestGroup,CivicMovement,advanced,nations,These groups influence public decision making.
SovereignWealth,DevelopmentFund,StabilizationFund,advanced,nations,These financial tools support long-term national goals.
TerritorialWaters,ExclusiveZone,ContinentalShelf,advanced,nations,These maritime concepts define national rights at sea.
Nationalization,Deregulation,MarketReform,advanced,nations,These policies affect economic organization.
StrategicReserve,ResourceSecurity,EnergyIndependence,advanced,nations,These concepts relate to national resilience.
ConstituentAssembly,CharterRevision,LegalCodification,advanced,nations,These processes help establish governmental frameworks.
CrossBorderTrade,RegionalBloc,EconomicCorridor,advanced,nations,These mechanisms encourage economic cooperation.
Oracle,Scribe,Merchant,basic,dates,These roles were important in many ancient societies.
Aqueduct,Amphitheater,Legion,basic,dates,These features are strongly associated with ancient Rome.
Longship,Runestone,Thing,basic,dates,These terms are connected to Norse civilization.
SilkRoad,Caravanserai,SpiceTrade,basic,dates,These networks facilitated exchange across continents.
Obelisk,Ziggurat,Citadel,basic,dates,These structures served important functions in historical societies.
Monarch,Vassal,Peasant,basic,dates,These social roles existed in many historical kingdoms.
Harbormaster,Navigator,Cartographer,basic,dates,These professions supported exploration and trade.
TreatySeal,RoyalDecree,Edict,basic,dates,These documents communicated authority and agreements.
Stronghold,Watchtower,Barracks,basic,dates,These structures supported defense and military operations.
Pilgrimage,Crusader,RelicHunter,basic,dates,These activities and people were associated with religious history.
ConstitutionalConvention,RepresentativeAssembly,FederalCompact,advanced,dates,These political developments shaped modern governments.
MercenaryCompany,StandingArmy,ConscriptionSystem,advanced,dates,These military structures organized armed forces.
AgrarianReform,LandRedistribution,Collectivization,advanced,dates,These policies transformed agricultural systems.
ScientificRevolution,AstronomicalModel,ExperimentalMethod,advanced,dates,These developments changed humanity's understanding of nature.
MaritimeEmpire,ColonialOutpost,TradingCompany,advanced,dates,These institutions expanded influence across oceans.
NationalAwakening,CulturalRevival,LanguageMovement,advanced,dates,These movements strengthened collective identity.
IndustrialMachinery,FactorySystem,MassProduction,advanced,dates,These innovations accelerated economic development.
PoliticalManifesto,ReformMovement,PopularUprising,advanced,dates,These actions often led to societal change.
ImperialExpansion,DynasticUnion,SuccessionTreaty,advanced,dates,These events reshaped political boundaries.
HistoricalMaterialism,SocialContract,NaturalRights,advanced,dates,These ideas influenced political and philosophical thought.
Biathlon,Curling,Luge,basic,sports,These winter sports require specialized skills and equipment.
Faceoff,Puck,BlueLine,basic,sports,These terms are fundamental to ice hockey competition.
Fairway,Bunker,Green,basic,sports,These areas are commonly found on golf courses.
Pommel,ParallelBars,HighBar,basic,sports,These apparatus are used in artistic gymnastics.
StrokeRate,FlipTurn,Kickboard,basic,sports,These concepts and tools are used in swimming.
Bullpen,Dugout,Infield,basic,sports,These areas are important parts of a baseball field.
Touchdown,Scrimmage,Quarterback,basic,sports,These terms are central to American football.
Tiebreak,Matchpoint,Baseline,basic,sports,These concepts often determine outcomes in tennis.
Scrum,Lineout,TryZone,basic,sports,These features are unique to rugby.
Checkmate,Castling,Gambit,basic,sports,These strategic terms are used in competitive chess.
Belay,Carabiner,Harness,basic,sports,These items are essential in climbing activities.
MarkerCone,TrainingBib,AgilityLadder,basic,sports,These tools are commonly used during practice sessions.
Knockout,Decision,TitleBout,basic,sports,These outcomes and events occur in boxing.
Windsurfing,Kitesurfing,Wakeboarding,basic,sports,These water sports involve speed balance and control.
Shotput,Discus,HammerThrow,basic,sports,These field events test strength and technique.
MuscleSynergy,MovementEconomy,ForceAbsorption,advanced,sports,These biomechanical concepts affect athletic efficiency.
CentralFatigue,PeripheralFatigue,RecoveryIndex,advanced,sports,These factors influence performance during prolonged exercise.
TrainingLoad,AcuteRatio,ChronicRatio,advanced,sports,These measurements help monitor athlete readiness.
VisualTracking,DecisionSpeed,PatternRecognition,advanced,sports,These skills help athletes respond effectively to competition.
CompetitionCycle,PerformancePeak,RecoveryPhase,advanced,sports,These stages are important in athletic planning.
AnaerobicPower,AerobicPower,WorkCapacity,advanced,sports,These qualities contribute to sporting success.
MuscleElasticity,TendonStiffness,JointMobility,advanced,sports,These physical characteristics influence movement quality.
ReactionStimulus,CognitiveProcessing,MotorResponse,advanced,sports,These processes occur during rapid decision making.
AccelerationPhase,MaxVelocity,SpeedReserve,advanced,sports,These factors influence sprint performance.
CompetitiveMindset,ResilienceFactor,EmotionalControl,advanced,sports,These psychological qualities support success under pressure.
MovementScreen,PerformanceAudit,InjuryProfile,advanced,sports,These assessments help identify strengths and weaknesses.
ForceCoupling,EnergyTransfer,KineticChain,advanced,sports,These principles explain coordinated athletic movement.
PerformanceAnalytics,MatchMetrics,DataModeling,advanced,sports,These methods help evaluate athlete performance.
VelocityBasedTraining,DynamicEffort,MaxEffort,advanced,sports,These approaches are used in advanced strength programs.
Yemen,Syria,Iraq,basic,nations,These countries occupy important positions in Western Asia.
Benin,Togo,Gabon,basic,nations,These African nations contribute to regional diversity.
Honduras,Guatemala,Nicaragua,basic,nations,These Central American countries share historical connections.
Slovakia,Hungary,Romania,basic,nations,These nations are located in Central and Eastern Europe.
Turkmenistan,Armenia,Azerbaijan,basic,nations,These countries lie near the Caucasus and Central Asia.
Maldives,Bhutan,SriLanka,basic,nations,These South Asian nations have unique cultural traditions.
Namibia,Zimbabwe,Mozambique,basic,nations,These countries are located in southern Africa.
Brunei,TimorLeste,PapuaNewGuinea,basic,nations,These nations are part of the Asia-Pacific region.
Albania,Montenegro,NorthMacedonia,basic,nations,These Balkan countries have distinct national identities.
Cuba,Jamaica,Barbados,basic,nations,These island nations are located in the Caribbean.
TreatyOrganization,SecurityCouncil,GeneralAssembly,advanced,nations,These institutions contribute to international governance.
PoliticalPlurality,ElectoralReform,PublicMandate,advanced,nations,These concepts shape democratic participation.
NationalBudget,FiscalPolicy,MonetaryPolicy,advanced,nations,These tools influence economic management.
TerritorialIntegrity,BorderSecurity,NationalDefense,advanced,nations,These priorities help protect state sovereignty.
CoalitionBuilding,DiplomaticChannel,ConflictResolution,advanced,nations,These methods support international cooperation.
CivilLiberties,HumanDignity,EqualProtection,advanced,nations,These principles are important in modern governance.
PolicyFramework,StrategicAgenda,DevelopmentPlan,advanced,nations,These documents guide national priorities.
TradeNegotiation,MarketAccess,TariffStructure,advanced,nations,These mechanisms influence international commerce.
PopulationDensity,UrbanPlanning,InfrastructureGrowth,advanced,nations,These factors affect societal development.
ConstitutionalMonarchy,DirectDemocracy,RepresentativeRule,advanced,nations,These systems organize political authority.
ForeignMinistry,EmbassyNetwork,ConsularService,advanced,nations,These institutions manage international relations.
EconomicSanction,DiplomaticPressure,CollectiveSecurity,advanced,nations,These tools influence state behavior.
NationalReferendum,CitizenInitiative,PublicConsultation,advanced,nations,These mechanisms allow public involvement in governance.
RegionalAutonomy,LocalGovernment,MunicipalAuthority,advanced,nations,These structures distribute administrative responsibilities.
StrategicPartnership,BilateralTreaty,MultilateralForum,advanced,nations,These arrangements strengthen cooperation between nations.
Sarcophagus,Hieroglyph,Mummification,basic,dates,These terms are closely associated with ancient Egyptian civilization.
Forum,Senate,Patrician,basic,dates,These institutions and groups were important in ancient Rome.
Longhouse,ClanChief,TotemPole,basic,dates,These cultural elements were significant in many indigenous societies.
MonsoonRoute,HarborCity,MerchantFleet,basic,dates,These features supported historical trade and exploration.
RoyalCourt,CeremonialThrone,Coronation,basic,dates,These traditions reinforced monarchical authority.
StoneFort,Drawbridge,Moat,basic,dates,These defensive features protected medieval strongholds.
PilgrimRoute,SacredText,MonasticOrder,basic,dates,These elements played major roles in religious history.
BronzeAge,IronAge,StoneAge,basic,dates,These periods describe stages of technological development.
Messenger,Courier,TownCrier,basic,dates,These roles helped spread information before modern communication.
GuildHall,MarketSquare,CraftWorkshop,basic,dates,These places were central to economic life in many towns.
EnclosureMovement,AgriculturalInnovation,CropRotation,advanced,dates,These developments increased productivity and transformed farming.
Republicanism,ConstitutionalRights,PopularSovereignty,advanced,dates,These ideas influenced modern political systems.
TranscontinentalRailway,SteamNavigation,TelegraphNetwork,advanced,dates,These innovations accelerated communication and transport.
ColonialAdministration,ImperialGovernorship,OverseasTerritory,advanced,dates,These institutions supported imperial control.
PhilosophicalInquiry,ScientificObservation,ScholarlyDebate,advanced,dates,These practices advanced human knowledge.
ReligiousTolerance,CulturalAssimilation,SocialIntegration,advanced,dates,These processes shaped diverse societies.
MilitaryDoctrine,StrategicCampaign,DefensiveAlliance,advanced,dates,These concepts influenced warfare and security.
PrintingPress,MovableType,KnowledgeDiffusion,advanced,dates,These innovations expanded access to information.
EconomicDepression,FinancialPanic,BankingCrisis,advanced,dates,These events disrupted economies and societies.
RevolutionaryCommittee,ConstitutionDrafting,StateFormation,advanced,dates,These activities contributed to the creation of new governments.
Proton,Neutron,Electron,basic,science,These particles are fundamental components of atomic structure.
Galaxy,Star,Planet,basic,science,These celestial objects make up much of the observable universe.
Bacteria,Fungus,Algae,basic,science,These organisms play important roles in ecosystems.
Nucleus,Cytoplasm,Membrane,basic,science,These structures are found within living cells.
Erosion,Weathering,Deposition,basic,science,These processes continuously reshape Earth's surface.
Predator,Prey,Scavenger,basic,science,These ecological roles influence food webs and ecosystems.
Latitude,Longitude,Equator,basic,science,These geographic concepts help locate positions on Earth.
Habitat,Population,Community,basic,science,These ecological levels describe groups of living organisms.
Vitamin,Protein,Mineral,basic,science,These nutrients are important for health and growth.
Radar,Sonar,Laser,basic,science,These technologies use waves to detect or measure objects.
Cumulus,Stratus,Cirrus,basic,science,These cloud types differ in appearance and altitude.
Geyser,Spring,Aquifer,basic,science,These features are associated with underground water systems.
Quartz,Mica,Feldspar,basic,science,These minerals are commonly found in Earth's crust.
Penguin,Dolphin,Kangaroo,basic,science,These animals have adapted to very different environments.
Photosystem,Thylakoid,Chloroplast,advanced,science,These structures are involved in capturing and converting solar energy.
Baryon,Lepton,Meson,advanced,science,These particles are studied in modern particle physics.
Osmoregulation,Homeostasis,Thermoregulation,advanced,science,These processes help organisms maintain stable internal conditions.
Exoplanet,Magnetar,Supernova,advanced,science,These astronomical phenomena reveal information about the universe.
Tectonics,SeafloorSpreading,ContinentalDrift,advanced,science,These theories explain large-scale changes in Earth's surface.
Catalysis,Polymerization,Crystallization,advanced,science,These processes are important in chemistry and materials science.
Endocrine,Exocrine,Neurosecretory,advanced,science,These systems release substances that regulate biological functions.
Biodiversity,Endemism,Speciation,advanced,science,These concepts explain the variety of life on Earth.
Spectroscopy,Chromatography,Calorimetry,advanced,science,These techniques are used to analyze substances and reactions.
Permafrost,Cryovolcano,SubglacialLake,advanced,science,These features occur in extremely cold environments.
Photosphere,Chromosphere,Corona,advanced,science,These layers form different regions of a star.
Centriole,Ribosome,Vacuole,advanced,science,These cellular structures perform specialized functions.
Nanotube,Graphene,Fullerene,advanced,science,These advanced materials have unique properties.
Electrophoresis,Hybridization,Sequencing,advanced,science,These methods are used in genetics and biotechnology.
Quarantine,Immunity,Vaccination,advanced,science,These measures help control infectious diseases.
Markup,Markdown,Commission,basic,commerce,These mechanisms affect pricing and sales transactions.
Payroll,Overtime,Pension,basic,commerce,These terms relate to employee compensation and benefits.
Barcode,Catalog,Showroom,basic,commerce,These tools help businesses display and manage products.
Tender,Bidding,Contract,basic,commerce,These processes are used when securing commercial agreements.
Branch,Headquarters,Subsidiary,basic,commerce,These organizational units exist within many companies.
Trademark,Patent,Copyright,basic,commerce,These protections safeguard intellectual property.
Checkout,Basket,ReceiptBook,basic,commerce,These items are commonly involved in retail transactions.
Warehouseman,Stockroom,InventoryCount,basic,commerce,These concepts help manage stored goods.
PayrollTax,Allowance,Reimbursement,basic,commerce,These financial items affect employee payments.
OpportunityCost,ComparativeAdvantage,Elasticity,advanced,commerce,These concepts are fundamental in economics.
AssetAllocation,RiskPremium,CapitalGain,advanced,commerce,These ideas influence investment decisions.
BalanceSheet,IncomeStatement,CashStatement,advanced,commerce,These financial reports describe company performance.
Franchising,Licensing,WhiteLabeling,advanced,commerce,These business models enable expansion and partnerships.
BenchmarkRate,YieldCurve,DiscountRate,advanced,commerce,These indicators are important in finance.
Macromarket,Micromarket,Segmentation,advanced,commerce,These concepts help businesses target customers.
ProcurementChain,VerticalIntegration,Disintermediation,advanced,commerce,These strategies affect how products reach consumers.
Creditworthiness,Collateralization,Refinancing,advanced,commerce,These concepts influence lending decisions.
Shareholder,Bondholder,Stakeholder,advanced,commerce,These groups have interests in organizational outcomes.
Capitalization,Recapitalization,Monetization,advanced,commerce,These financial actions affect company structure.
Flute,Oboe,Clarinet,basic,arts,These woodwind instruments produce sound using air vibration.
Origami,Weaving,Embroidery,basic,arts,These crafts involve creating decorative designs by hand.
Comedy,Tragedy,Satire,basic,arts,These genres entertain audiences in different ways.
Stencil,Template,Blueprint,basic,arts,These guides assist artists and designers in creating work.
HarmonyPart,LeadVocal,BackingVocal,basic,arts,These musical roles contribute to vocal performances.
GalleryWing,ExhibitHall,DisplayCase,basic,arts,These spaces are used to present artistic works.
Marionette,Shadowplay,Masquerade,basic,arts,These performance traditions have rich cultural histories.
AcousticSet,LiveShow,Encore,basic,arts,These elements are associated with musical performances.
StoryboardPanel,SceneDraft,PlotOutline,basic,arts,These tools help develop creative narratives.
ArtDeco,Bauhaus,DeStijl,advanced,arts,These design movements influenced architecture and visual culture.
Polyrhythm,Counterrhythm,CrossRhythm,advanced,arts,These rhythmic structures create complex musical textures.
Matting,Keyframing,Rigging,advanced,arts,These techniques are used in animation and visual production.
Triptych,Diptych,Polyptych,advanced,arts,These artworks consist of multiple connected panels.
Crescendo,Diminuendo,Fermata,advanced,arts,These markings influence musical expression and performance.
Photorealism,Hyperrealism,Naturalism,advanced,arts,These styles aim to represent subjects realistically.
Blocking,MiseEnScene,StageDirection,advanced,arts,These concepts help organize dramatic performances.
Linocut,Drypoint,Mezzotint,advanced,arts,These printmaking methods produce distinctive visual effects.
Cantata,Oratorio,MassSetting,advanced,arts,These large-scale vocal works have important musical traditions.
ColorField,HardEdge,OpArt,advanced,arts,These movements explored new visual approaches in modern art.
Hydrogen,Helium,Lithium,basic,science,These are among the lightest elements in the periodic table.
Seed,Sprout,Sapling,basic,science,These stages occur during the early growth of many plants.
Tornado,Hurricane,Cyclone,basic,science,These powerful weather systems can affect large regions.
Molecule,Mixture,Solution,basic,science,These terms describe substances and combinations of matter.
Retina,Iris,Pupil,basic,science,These structures help the eye detect and control light.
Savanna,Grassland,Rainforest,basic,science,These ecosystems support diverse forms of life.
Fossil,Bone,Amber,basic,science,These materials preserve evidence of ancient organisms.
PenguinSealWalrus,ArcticFox,PolarBear,basic,science,These animals are adapted to cold environments.
Seedling,Flower,Fruit,basic,science,These stages are part of many plant life cycles.
Thunder,Lightning,Storm,basic,science,These phenomena are associated with severe weather.
Pebble,Boulder,Gravel,basic,science,These materials differ primarily in size.
Carnation,Rose,Tulip,basic,science,These flowering plants are commonly cultivated.
Lagoon,Estuary,Delta,basic,science,These landforms are associated with water systems.
Plasmid,Operon,Transposon,advanced,science,These genetic elements play important roles in molecular biology.
Muon,Tauon,Neutrino,advanced,science,These particles are studied in high-energy physics.
Redshift,Blueshift,Parallax,advanced,science,These phenomena help astronomers measure cosmic distances and motion.
Batholith,Anticline,Syncline,advanced,science,These geological structures form through tectonic processes.
Chelation,Hydration,Solvation,advanced,science,These chemical processes involve interactions between molecules.
Histology,Cytology,Embryology,advanced,science,These biological fields study life at different levels.
KeystoneSpecies,Mutualism,Commensalism,advanced,science,These ecological concepts describe interactions between organisms.
Spectrometer,Microscope,Centrifuge,advanced,science,These instruments assist scientific investigation.
Cryogenics,Superconductivity,QuantumTunneling,advanced,science,These concepts arise in advanced physics.
MesosphereThermal,Thermosphere,Ionosphere,advanced,science,These atmospheric layers surround Earth.
Lysosome,Peroxisome,GolgiBody,advanced,science,These organelles perform specialized cellular tasks.
Nanocomposite,Aerogel,Metamaterial,advanced,science,These engineered materials possess unusual properties.
Genomics,Proteomics,Metabolomics,advanced,science,These fields analyze biological information at large scales.
Virulence,Pathogenicity,Transmission,advanced,science,These factors influence the spread of disease.
InvoiceNumber,PurchaseOrder,DeliveryNote,basic,commerce,These documents are commonly used in business transactions.
RetailChain,ConvenienceStore,DepartmentStore,basic,commerce,These retail formats serve consumers in different ways.
SalesTarget,Quota,Incentive,basic,commerce,These tools motivate business performance.
Bookkeeping,Ledger,Journal,basic,commerce,These records help track financial activity.
DepositSlip,Passbook,Statement,basic,commerce,These banking documents record account information.
Supplier,Manufacturer,Assembler,basic,commerce,These participants contribute to product creation.
CustomerCare,Helpdesk,SupportLine,basic,commerce,These services assist consumers after purchase.
RetailPrice,WholesalePrice,ListPrice,basic,commerce,These prices serve different commercial purposes.
BrandImage,Reputation,Goodwill,basic,commerce,These factors influence public perception of businesses.
Storefront,Showcase,DisplayRack,basic,commerce,These features help present products to customers.
MarginalCost,MarginalBenefit,MarketFailure,advanced,commerce,These economic concepts help evaluate resource allocation.
CreditDefault,SovereignDebt,FiscalDeficit,advanced,commerce,These issues affect financial stability.
HedgeFund,IndexFund,MutualFund,advanced,commerce,These investment vehicles pool capital from investors.
ShareBuyback,StockSplit,DividendYield,advanced,commerce,These actions affect shareholder value.
ConsumerSurplus,ProducerSurplus,DeadweightLoss,advanced,commerce,These measures are used in economic analysis.
BenchmarkIndex,MarketCapitalization,EarningsRatio,advanced,commerce,These indicators help assess financial markets.
SupplyShock,DemandShock,PriceCeiling,advanced,commerce,These forces influence market outcomes.
CorporateBond,TreasuryBond,MunicipalBond,advanced,commerce,These debt instruments provide financing.
EconomiesScale,ScopeEconomies,LearningCurve,advanced,commerce,These effects can reduce production costs.
RiskAssessment,ComplianceAudit,InternalControl,advanced,commerce,These processes help organizations manage uncertainty.
Trumpet,Trombone,Tuba,basic,arts,These brass instruments differ in range and sound.
Papercraft,Woodwork,Glasswork,basic,arts,These creative activities involve shaping materials.
Fable,Myth,Legend,basic,arts,These storytelling forms have been passed through generations.
Marker,Crayon,Waterbrush,basic,arts,These tools are commonly used by artists.
StageLight,Soundboard,Microphone,basic,arts,These devices support live performances.
Artbook,Portfolio,Sketchpad,basic,arts,These collections help artists develop and present work.
Hue,Tint,Shade,basic,arts,These concepts describe variations of color.
Pantomime,ImprovisationGame,Roleplay,basic,arts,These activities develop performance skills.
Soundtrack,Jingle,ThemeSong,basic,arts,These musical works accompany media and events.
ClayModel,Wireframe,Maquette,basic,arts,These forms are used during artistic development.
NeoExpressionism,Postmodernism,Brutalism,advanced,arts,These movements challenged traditional artistic conventions.
MetricModulation,Polymeter,AdditiveRhythm,advanced,arts,These techniques create rhythmic complexity.
MotionCapture,ParticleSimulation,ProceduralAnimation,advanced,arts,These technologies are used in modern visual production.
Altarpiece,Retable,Iconostasis,advanced,arts,These artistic structures are associated with religious traditions.
Glissando,Portamento,Vibrato,advanced,arts,These effects alter the character of musical notes.
LyricalAbstraction,Tachisme,Informalism,advanced,arts,These styles explored expressive visual approaches.
Dramaturgy,CharacterArc,Subtext,advanced,arts,These concepts contribute to effective storytelling.
Intaglio,Collagraph,Monoprint,advanced,arts,These printmaking methods create unique images.
Requiem,Motet,Madrigal,advanced,arts,These vocal forms have important historical significance.
KineticArt,LandArt,PerformanceArt,advanced,arts,These movements expanded the definition of artistic practice.